num_ranks,num_vertices,num_iterations,error,result
16,128,10,0.000000,PASS
16,256,10,0.000000,PASS
16,384,10,0.000000,PASS
16,512,10,0.000000,PASS
16,640,10,0.000000,PASS
16,768,10,0.000000,PASS
16,896,10,0.000000,PASS
16,1024,10,0.000000,PASS
16,1152,10,0.000000,PASS
16,1280,10,0.000000,PASS
16,1408,10,0.000000,PASS
16,1536,10,0.000000,PASS
16,1664,10,0.000000,PASS
16,1792,10,0.000000,PASS
16,1920,10,0.000000,PASS
